시군별,연도별,면적 (㎢),면적비율(%),읍,면,행정동,법정동,통,행정리,반
춘천시,1989,53.28,0.3,0,0,23,29,,0,0
원주시,1989,84.19,0.5,0,0,18,18,,0,0
강릉시,1989,76.28,0.5,0,0,19,39,,0,0
동해시,1989,180.16,1.1,0,0,15,36,,0,0
태백시,1989,258.98,1.5,0,0,15,13,,0,0
속초시,1989,104.9,0.6,0,0,13,14,,0,0
삼척시,1989,56.62,0.3,0,0,6,27,,0,0
홍천군,1989,1786.8,10.6,1,9,0,0,,182,867
횡성군,1989,1007.4,6,1,8,0,0,,171,712
영월군,1989,1101.12,6.5,2,7,0,0,,194,968
평창군,1989,1460.1,8.6,1,7,0,0,,183,749
정선군,1989,1200.7,7.1,4,5,0,0,,193,1262
철원군,1989,823.4,4.9,4,7,0,0,,101,556
화천군,1989,955.37,5.7,1,4,0,0,,81,334
양구군,1989,616.75,3.6,1,4,0,0,,76,300
인제군,1989,1937.45,11.5,1,5,0,0,,84,425
고성군,1989,621.42,3.7,2,4,0,0,,125,544
양양군,1989,622.74,3.7,1,5,0,0,,123,417
춘천시,1990,53,0,29,0,23,29,328,0,1632
원주시,1990,84,1,18,0,18,18,305,0,1860
강릉시,1990,76,0,39,0,19,39,238,0,1207
동해시,1990,180,1,36,0,15,36,178,0,915
태백시,1990,259,2,13,0,15,13,166,0,963
속초시,1990,105,1,13,0,13,13,146,0,759
삼척시,1990,57,0,27,0,6,27,83,0,377
홍천군,1990,1787,11,0,9,0,0,0,182,0
횡성군,1990,1008,6,0,8,0,0,0,171,0
영월군,1990,1101,7,0,7,0,0,0,194,0
평창군,1990,1460,9,0,7,0,0,0,183,0
정선군,1990,1200,7,0,5,0,0,0,193,0
철원군,1990,823,5,0,7,0,0,0,101,0
화천군,1990,955,6,0,4,0,0,0,81,0
양구군,1990,617,4,0,4,0,0,0,76,0
인제군,1990,1936,12,0,5,0,0,0,84,0
고성군,1990,621,4,0,4,0,0,0,125,0
양양군,1990,623,4,0,5,0,0,0,123,0
춘천시,1991,53.29,0.3,0,0,23,29,344,0,0
원주시,1991,84.14,0.5,0,0,18,18,313,0,0
강릉시,1991,76.34,0.5,0,0,19,39,249,0,0
동해시,1991,180,1.1,0,0,15,36,188,0,0
태백시,1991,259.42,1.5,0,0,15,13,167,0,0
속초시,1991,104.93,0.6,0,0,13,13,156,0,0
삼척시,1991,56.6,0.3,0,0,6,27,85,0,0
홍천군,1991,1786.71,10.6,1,9,0,0,0,182,1
횡성군,1991,1007.64,6,1,8,0,0,0,172,1
영월군,1991,1101.65,6.5,2,7,0,0,0,194,1
평창군,1991,1460.19,8.7,1,7,0,0,0,183,1
정선군,1991,1200.48,7.1,4,5,0,0,0,193,1
철원군,1991,823.48,4.9,4,7,0,0,0,102,1
화천군,1991,955.27,5.7,1,4,0,0,0,81,1
양구군,1991,617.21,3.7,1,4,0,0,0,76,1
인제군,1991,1936.19,11.5,1,5,0,0,0,85,1
고성군,1991,621.4,3.7,2,4,0,0,0,125,1
양양군,1991,623.03,3.7,1,5,0,0,0,123,1
춘천시,1992,53,0,0,0,23,29,368,0,1848
원주시,1992,84,1,0,0,18,18,344,0,2128
강릉시,1992,76,1,0,0,19,39,264,0,1337
동해시,1992,180,1,0,0,15,36,195,0,1022
태백시,1992,259,2,0,0,15,13,167,0,961
속초시,1992,105,1,0,0,13,13,156,0,832
삼척시,1992,56,0,0,0,6,27,85,0,395
홍천군,1992,1787,11,1,9,0,0,0,182,0
횡성군,1992,1008,6,1,8,0,0,0,172,0
영월군,1992,1102,7,2,7,0,0,0,194,0
평창군,1992,1460,9,1,7,0,0,0,183,0
정선군,1992,1201,7,4,5,0,0,0,193,0
철원군,1992,823,5,4,2,0,0,0,102,0
화천군,1992,954,6,1,4,0,0,0,81,0
양구군,1992,617,4,1,4,0,0,0,76,0
인제군,1992,1936,12,1,5,0,0,0,85,0
고성군,1992,622,4,2,3,0,0,0,125,0
양양군,1992,623,4,1,5,0,0,0,123,0
춘천시,1993,53.3,0.3,0,0,23,29,394,0,0
원주시,1993,84.25,0.5,0,0,18,18,362,0,0
강릉시,1993,76.33,0.5,0,0,19,39,272,0,0
동해시,1993,180.22,1.1,0,0,15,36,198,0,0
태백시,1993,258.4,1.5,0,0,15,13,167,0,0
속초시,1993,104.77,0.6,0,0,13,13,167,0,0
삼척시,1993,53.33,0.3,0,0,6,27,87,0,0
홍천군,1993,1787.04,10.6,1,9,0,0,0,182,867
횡성군,1993,1007.55,6,1,8,0,0,0,172,717
영월군,1993,1101.64,6.5,2,7,0,0,0,194,976
평창군,1993,1460.72,8.6,1,7,0,0,0,183,750
정선군,1993,1200.58,7.1,4,5,0,0,0,193,1227
철원군,1993,823.55,4.9,4,2,0,0,0,102,571
화천군,1993,953.98,5.7,1,4,0,0,0,81,334
양구군,1993,619.19,3.7,1,4,0,0,0,76,300
인제군,1993,1936.3,11.5,1,5,0,0,0,88,428
고성군,1993,622.09,3.7,2,3,0,0,0,127,552
양양군,1993,623.25,3.7,1,5,0,0,0,125,421
춘천시,1994,53.31,0,0,0,24,29,420,0,0
원주시,1994,84.25,1,0,0,18,18,382,0,0
강릉시,1994,76.36,0,0,0,19,39,288,0,0
동해시,1994,180.23,1,0,0,15,36,205,0,0
태백시,1994,303.14,2,0,0,16,17,164,0,0
속초시,1994,104.77,1,0,0,13,13,179,0,0
삼척시,1994,53.34,0,0,0,6,27,88,0,0
홍천군,1994,1818.89,11,1,9,0,0,0,187,910
횡성군,1994,997.77,6,1,8,0,0,0,172,717
영월군,1994,1127.39,7,2,7,0,0,0,194,976
평창군,1994,1463.21,9,1,7,0,0,0,183,744
정선군,1994,1221.24,7,4,5,0,0,0,193,1227
철원군,1994,823.49,5,4,2,0,0,0,102,571
화천군,1994,909.43,5,1,4,0,0,0,81,340
양구군,1994,619.18,4,1,4,0,0,0,77,309
인제군,1994,1844.89,11,1,5,0,0,0,88,428
고성군,1994,622.16,4,2,3,0,0,0,127,552
양양군,1994,628.29,4,1,5,0,0,0,125,425
춘천시,1995,1116.58,6.6,1,9,24,29,442,169,2814
원주시,1995,865.78,5.1,1,8,19,18,419,160,3165
강릉시,1995,1040,6.2,1,7,20,39,318,144,2468
동해시,1995,180.23,1.1,0,0,15,36,210,0,1126
태백시,1995,303.11,1.8,0,0,16,17,164,0,874
속초시,1995,104.8,0.6,0,0,13,13,193,0,984
삼척시,1995,1186,7,2,6,6,27,91,158,1264
홍천군,1995,1818.75,10.8,0,0,0,0,0,0,0
횡성군,1995,997.69,5.9,0,0,0,0,0,0,0
영월군,1995,1127.26,6.7,0,0,0,0,0,0,0
평창군,1995,1462.94,8.7,0,0,0,0,0,0,0
정선군,1995,1220.64,7.2,0,0,0,0,0,0,0
철원군,1995,899.56,5.3,0,0,0,0,0,0,0
화천군,1995,909.43,5.4,0,0,0,0,0,0,0
양구군,1995,700.86,4.2,0,0,0,0,0,0,0
인제군,1995,1646.43,9.8,0,0,0,0,0,0,0
고성군,1995,663.9,3.9,0,0,0,0,0,0,0
양양군,1995,628.54,3.7,0,0,0,0,0,0,0
춘천시,1996,1116.6,6.6,1,9,24,29,442,169,2814
원주시,1996,867.62,5.1,1,8,19,18,427,166,3293
강릉시,1996,1039.92,6.2,1,7,20,39,325,144,2520
동해시,1996,180.26,1.1,0,0,15,36,224,0,1229
태백시,1996,303.1,1.8,0,0,16,17,160,0,854
속초시,1996,104.8,0.6,0,0,13,13,203,0,1037
삼척시,1996,1185.95,7,2,6,6,27,95,158,1285
홍천군,1996,1818.73,10.8,0,0,0,0,0,0,0
횡성군,1996,997.73,5.9,0,0,0,0,0,0,0
영월군,1996,1126.98,6.7,0,0,0,0,0,0,0
평창군,1996,1462.63,8.7,0,0,0,0,0,0,0
정선군,1996,1220.65,7.2,0,0,0,0,0,0,0
철원군,1996,899.51,5.3,0,0,0,0,0,0,0
화천군,1996,909.42,5.4,0,0,0,0,0,0,0
양구군,1996,700.86,4.2,0,0,0,0,0,0,0
인제군,1996,1646.45,9.8,0,0,0,0,0,0,0
고성군,1996,663.91,3.9,0,0,0,0,0,0,0
양양군,1996,628.6,3.7,0,0,0,0,0,0,0
춘천시,1997,1116.43,6.6,1,9,24,29,465,169,2919
원주시,1997,867.59,5.1,1,8,19,18,455,160,3106
강릉시,1997,1039.9,6.2,1,7,20,39,341,144,2625
동해시,1997,180.21,1.1,0,0,15,36,229,0,1249
태백시,1997,303.53,1.8,0,0,16,17,160,0,854
속초시,1997,104.91,0.6,0,0,13,13,213,0,1075
삼척시,1997,1185.78,7,2,6,6,27,97,158,1284
홍천군,1997,1818.47,10.8,0,0,0,0,0,0,0
횡성군,1997,997.79,5.9,0,0,0,0,0,0,0
영월군,1997,1127.56,6.7,0,0,0,0,0,0,0
평창군,1997,1462.64,8.7,0,0,0,0,0,0,0
정선군,1997,1220.56,7.2,0,0,0,0,0,0,0
철원군,1997,899.23,5.3,0,0,0,0,0,0,0
화천군,1997,909.48,5.4,0,0,0,0,0,0,0
양구군,1997,700.83,4.2,0,0,0,0,0,0,0
인제군,1997,1646.32,9.8,0,0,0,0,0,0,0
고성군,1997,663.93,3.9,0,0,0,0,0,0,0
양양군,1997,628.56,3.7,0,0,0,0,0,0,0
춘천시,1998,1116.36,6.6,1,9,15,29,486,171,3049
원주시,1998,867.62,5.1,1,8,16,18,462,168,3168
강릉시,1998,1039.97,6.2,1,7,13,39,354,144,2675
동해시,1998,180.27,1.1,0,0,10,36,232,0,1268
태백시,1998,303.52,1.8,0,0,8,17,162,0,877
속초시,1998,104.95,0.6,0,0,8,13,226,0,1151
삼척시,1998,1185.7,7,2,6,4,27,97,158,1255
홍천군,1998,1817.87,10.8,1,9,0,0,0,188,924
횡성군,1998,997.82,5.9,1,8,0,0,0,172,729
영월군,1998,1127.36,6.7,2,7,0,0,0,188,868
평창군,1998,1463.45,8.7,1,7,0,0,0,185,745
정선군,1998,1220.84,7.2,4,5,0,0,0,186,1090
철원군,1998,898.82,5.3,4,2,0,0,0,106,604
화천군,1998,909.45,5.4,1,4,0,0,0,81,340
양구군,1998,700.8,4.2,1,4,0,0,0,77,309
인제군,1998,1646.33,9.8,1,5,0,0,0,84,411
고성군,1998,664.02,3.9,2,3,0,0,0,127,553
양양군,1998,628.57,3.7,1,5,0,0,0,124,432
춘천시,1999,1116.35,6.6,1,9,15,29,499,171,3136
원주시,1999,867.76,5.1,1,8,16,18,465,167,3192
강릉시,1999,1040.05,6.2,1,7,13,39,366,145,2715
동해시,1999,180.07,1.1,0,0,10,36,250,0,1404
태백시,1999,303.52,1.8,0,0,8,17,162,0,877
속초시,1999,104.97,0.6,0,0,8,13,226,0,1150
삼척시,1999,1185.79,7,2,6,4,27,97,158,1255
홍천군,1999,1817.85,10.8,1,9,0,0,0,188,924
횡성군,1999,997.91,5.9,1,8,0,0,0,172,729
영월군,1999,1127.17,6.7,2,7,0,0,0,184,867
평창군,1999,1463.46,8.7,1,7,0,0,0,185,745
정선군,1999,1220.62,7.2,4,5,0,0,0,180,1003
철원군,1999,898.9,5.3,4,2,0,0,0,106,604
화천군,1999,909.46,5.4,1,4,0,0,0,81,340
양구군,1999,700.97,4.2,1,4,0,0,0,77,309
인제군,1999,1646.33,9.8,1,5,0,0,0,84,414
고성군,1999,664.51,3.9,2,3,0,0,0,127,553
양양군,1999,628.59,3.7,1,5,0,0,0,124,432
춘천시,2000,1116.38,6.6,1,9,15,29,501,171,3161
원주시,2000,867.77,5.1,1,8,16,18,489,175,3415
강릉시,2000,1040.09,6.2,1,7,13,39,369,145,2830
동해시,2000,180.07,1.1,0,0,10,36,250,0,1404
태백시,2000,303.53,1.8,0,0,8,17,162,0,877
속초시,2000,105.25,0.6,0,0,8,13,235,0,1209
삼척시,2000,1185.8,7,2,6,4,27,97,158,1255
홍천군,2000,1817.86,10.8,1,9,0,0,0,188,924
횡성군,2000,997.87,5.9,1,8,0,0,0,172,736
영월군,2000,1127.12,6.7,2,7,0,0,0,184,868
평창군,2000,1463.65,8.7,1,7,0,0,0,187,731
정선군,2000,1220.84,7.2,4,5,0,0,0,180,1003
철원군,2000,898.76,5.3,4,2,0,0,0,107,604
화천군,2000,908.86,5.4,1,4,0,0,0,81,340
양구군,2000,700.7,4.2,1,4,0,0,0,77,309
인제군,2000,1646.29,9.8,1,5,0,0,0,84,414
고성군,2000,664.18,3.9,2,3,0,0,0,127,561
양양군,2000,628.68,3.7,1,5,0,0,0,124,432
춘천시,2001,1116.43,6.6,1,9,15,29,501,171,3162
원주시,2001,867.63,5.1,1,8,16,18,498,177,3471
강릉시,2001,1040.25,6.2,1,7,13,39,370,145,2840
동해시,2001,180.02,1.1,0,0,10,36,250,0,1404
태백시,2001,303.58,1.8,0,0,8,17,165,0,892
속초시,2001,105.25,0.6,0,0,8,13,235,0,1209
삼척시,2001,1185.73,7,2,6,4,27,97,157,1248
홍천군,2001,1819.7,10.8,1,9,0,0,0,192,980
횡성군,2001,997.91,5.9,1,8,0,0,0,172,737
영월군,2001,1127.12,6.7,2,7,0,0,0,184,868
평창군,2001,1463.69,8.7,1,7,0,0,0,187,731
정선군,2001,1220.64,7.2,4,5,0,0,0,180,1003
철원군,2001,898.72,5.3,4,2,0,0,0,107,607
화천군,2001,908.85,5.4,1,4,0,0,0,81,340
양구군,2001,700.7,4.2,1,4,0,0,0,77,309
인제군,2001,1646.13,9.8,1,5,0,0,0,84,412
고성군,2001,664.19,3.9,2,3,0,0,0,127,561
양양군,2001,628.65,3.7,1,5,0,0,0,124,432
춘천시,2002,1116.42,6.6,1,9,15,29,523,172,3309
원주시,2002,867.22,5.1,1,8,16,18,515,177,3573
강릉시,2002,1040.22,6.2,1,7,13,39,375,145,2888
동해시,2002,180.01,1.1,0,0,10,36,251,0,1409
태백시,2002,303.57,1.8,0,0,8,17,168,0,914
속초시,2002,105.25,0.6,0,0,8,13,239,0,1231
삼척시,2002,1185.7,7,2,6,4,27,98,157,1262
홍천군,2002,1818.04,10.8,1,9,0,0,0,192,980
횡성군,2002,997.94,5.9,1,8,0,0,0,173,743
영월군,2002,1127.11,6.7,2,7,0,0,0,184,868
평창군,2002,1463.74,8.7,1,7,0,0,0,187,731
정선군,2002,1220.62,7.2,4,5,0,0,0,180,1003
철원군,2002,898.77,5.3,4,2,0,0,0,107,608
화천군,2002,909.07,5.4,1,4,0,0,0,81,357
양구군,2002,700.7,4.2,1,4,0,0,0,77,322
인제군,2002,1646.1,9.8,1,5,0,0,0,84,412
고성군,2002,664.19,3.9,2,3,0,0,0,127,561
양양군,2002,628.71,3.7,1,5,0,0,0,124,432
춘천시,2003,1116.35,6.6,1,9,15,29,423,177,3011
원주시,2003,867.23,5.1,1,8,16,18,522,177,3636
강릉시,2003,1040.24,6.2,1,7,13,39,377,145,2903
동해시,2003,180.02,1.1,0,0,10,36,253,0,1423
태백시,2003,303.57,1.8,0,0,8,17,172,0,932
속초시,2003,105.24,0.6,0,0,8,13,241,0,1245
삼척시,2003,1185.83,7,2,6,4,27,98,157,1269
홍천군,2003,1817.9,10.8,1,9,0,0,0,192,980
횡성군,2003,997.97,5.9,1,8,0,0,0,174,761
영월군,2003,1127.14,6.7,2,7,0,0,0,184,868
평창군,2003,1463.68,8.7,1,7,0,0,0,188,737
정선군,2003,1220.67,7.2,4,5,0,0,0,180,991
철원군,2003,898.64,5.3,4,2,0,0,0,107,608
화천군,2003,909.14,5.4,1,4,0,0,0,81,357
양구군,2003,700.86,4.2,1,4,0,0,0,77,322
인제군,2003,1646.06,9.8,1,5,0,0,0,84,417
고성군,2003,664.19,3.9,2,3,0,0,0,127,561
양양군,2003,628.74,3.7,1,5,0,0,0,124,432
춘천시,2004,1116.27,6.6,1,9,15,29,431,177,3069
원주시,2004,867.23,5.1,1,8,16,18,327,174,2973
강릉시,2004,1040.21,6.2,1,7,13,39,308,145,2522
동해시,2004,180.05,1.1,,,10,36,253,0,1423
태백시,2004,303.55,1.8,,,8,17,172,0,932
속초시,2004,105.27,0.6,,,8,13,241,0,1245
삼척시,2004,1185.82,7,2,6,4,27,101,159,1288
홍천군,2004,1817.92,10.8,1,9,0,0,0,193,980
횡성군,2004,997.96,5.9,1,8,0,0,0,174,761
영월군,2004,1127.29,6.7,2,7,0,0,0,184,868
평창군,2004,1463.6,8.7,1,7,0,0,0,188,737
정선군,2004,1220.56,7.2,4,5,0,0,0,180,991
철원군,2004,898.44,5.3,4,2,0,0,0,107,608
화천군,2004,909.07,5.4,1,4,0,0,0,81,357
양구군,2004,700.86,4.2,1,4,0,0,0,77,322
인제군,2004,1646.1,9.8,1,5,0,0,0,84,416
고성군,2004,664.27,3.9,2,3,0,0,0,127,561
양양군,2004,628.79,3.7,1,5,0,0,0,124,432
춘천시,2005,1116.85,6.6,1,9,15,29,441,180,3171
원주시,2005,867.3,5.1,1,8,16,18,328,174,2985
강릉시,2005,1040.07,6.2,1,7,13,39,312,145,2559
동해시,2005,180.05,1.1,0,0,10,36,253,0,1423
태백시,2005,303.57,1.8,0,0,8,17,172,0,932
속초시,2005,105.26,0.6,0,0,8,13,202,0,1044
삼척시,2005,1185.78,7,2,6,4,27,104,159,1330
홍천군,2005,1817.94,10.8,1,9,0,0,0,193,971
횡성군,2005,997.9,5.9,1,8,0,0,0,174,761
영월군,2005,1127.42,6.7,2,7,0,0,0,176,768
평창군,2005,1464.04,8.7,1,7,0,0,0,188,737
정선군,2005,1220.47,7.2,4,5,0,0,0,180,990
철원군,2005,898.52,5.3,4,2,0,0,0,107,608
화천군,2005,909.07,5.4,1,4,0,0,0,81,357
양구군,2005,700.85,4.2,1,4,0,0,0,77,322
인제군,2005,1646.08,9.8,1,5,0,0,0,84,408
고성군,2005,664.27,3.9,2,3,0,0,0,127,561
양양군,2005,628.75,3.7,1,5,0,0,0,124,432
춘천시,2006,1116.8,6.6,1,9,15,29,453,181,3272
원주시,2006,867.28,5.1,1,8,16,18,339,175,3107
강릉시,2006,1040.07,6.2,1,7,13,39,317,146,2604
동해시,2006,180.06,1.1,0,0,10,36,233,0,1260
태백시,2006,303.54,1.8,0,0,8,17,170,0,922
속초시,2006,105.28,0.6,0,0,8,13,211,0,1081
삼척시,2006,1185.94,7,2,6,4,27,104,160,1339
홍천군,2006,1817.96,10.8,1,9,0,0,0,193,971
횡성군,2006,997.77,5.9,1,8,0,0,0,174,761
영월군,2006,1127.6,6.7,2,7,0,0,0,177,768
평창군,2006,1464.23,8.7,1,7,0,0,0,188,737
정선군,2006,1219.91,7.2,4,5,0,0,0,180,990
철원군,2006,898.47,5.3,4,2,0,0,0,109,624
화천군,2006,909.03,5.4,1,4,0,0,0,81,357
양구군,2006,700.8,4.2,1,4,0,0,0,77,322
인제군,2006,1646.12,9.8,1,5,0,0,0,84,408
고성군,2006,664.29,3.9,2,3,0,0,0,127,561
양양군,2006,628.75,3.7,1,5,0,0,0,124,436
춘천시,2007,1116.78,6.6,1,9,15,29,460,181,3321
원주시,2007,867.39,5.1,1,8,16,18,346,175,3155
강릉시,2007,1039.77,6.2,1,7,13,39,323,146,2637
동해시,2007,180.07,1.1,0,0,10,36,234,0,1268
태백시,2007,303.52,1.8,0,0,8,17,172,0,905
속초시,2007,105.29,0.6,0,0,8,13,211,0,1081
삼척시,2007,1186,7,2,6,4,27,106,160,1339
홍천군,2007,1817.96,10.8,1,9,0,0,0,196,1014
횡성군,2007,997.72,5.9,1,8,0,0,0,175,763
영월군,2007,1127.42,6.7,2,7,0,0,0,177,768
평창군,2007,1464.25,8.7,1,7,0,0,0,188,737
정선군,2007,1219.93,7.2,4,5,0,0,0,181,987
철원군,2007,898.31,5.3,4,2,0,0,0,109,624
화천군,2007,909.08,5.4,1,4,0,0,0,81,357
양구군,2007,700.84,4.2,1,4,0,0,0,77,322
인제군,2007,1646.17,9.8,1,5,0,0,0,84,408
고성군,2007,664.29,3.9,2,3,0,0,0,127,561
양양군,2007,628.82,3.7,1,5,0,0,0,124,436
춘천시,2008,1116.64,6.6,1,9,15,29,471,182,3405
원주시,2008,867.36,5.1,1,8,16,18,353,178,3239
강릉시,2008,1039.82,6.2,1,7,13,39,323,146,2637
동해시,2008,180.07,1.1,0,0,10,36,235,0,1272
태백시,2008,303.52,1.8,0,0,8,17,174,0,919
속초시,2008,105.3,0.6,0,0,8,13,211,0,1081
삼척시,2008,1186.05,7,2,6,4,27,106,160,1338
홍천군,2008,1818.68,10.8,1,9,0,0,0,196,1014
횡성군,2008,997.71,5.9,1,8,0,0,0,175,763
영월군,2008,1127.46,6.7,2,7,0,0,0,177,768
평창군,2008,1464.16,8.7,1,7,0,0,0,188,737
정선군,2008,1219.58,7.2,4,5,0,0,0,181,987
철원군,2008,898.3,5.3,4,2,0,0,0,109,624
화천군,2008,909.1,5.4,1,4,0,0,0,81,357
양구군,2008,701.25,4.2,1,4,0,0,0,77,322
인제군,2008,1646.36,9.8,1,5,0,0,0,84,408
고성군,2008,664.34,3.9,2,3,0,0,0,127,561
양양군,2008,628.9,3.7,1,5,0,0,0,124,436
춘천시,2009,1116.56,6.6,1,9,15,29,471,192,3496
원주시,2009,867.48,5.1,1,8,16,18,362,180,3382
강릉시,2009,1039.71,6.2,1,7,13,39,324,146,2653
동해시,2009,180.13,1.1,0,0,10,36,237,0,1287
태백시,2009,303.53,1.8,0,0,8,17,176,0,916
속초시,2009,105.31,0.6,0,0,8,13,213,0,1093
삼척시,2009,1186.15,7,2,6,4,27,106,160,1339
홍천군,2009,1818.89,10.8,1,9,0,0,0,196,1014
횡성군,2009,997.68,5.9,1,8,0,0,0,175,763
영월군,2009,1127.5,6.7,2,7,0,0,0,177,768
평창군,2009,1464.06,8.7,1,7,0,0,0,188,728
정선군,2009,1219.54,7.2,4,5,0,0,0,181,987
철원군,2009,898.14,5.3,4,2,0,0,0,109,624
화천군,2009,908.06,5.4,1,4,0,0,0,81,360
양구군,2009,701.29,4.2,1,4,0,0,0,77,322
인제군,2009,1646.24,9.8,1,5,0,0,0,84,411
고성군,2009,664.34,3.9,2,3,0,0,0,127,561
양양군,2009,629.32,3.7,1,5,0,0,0,124,436
춘천시,2010,1116.59,6.6,1,9,15,29,473,192,3520
원주시,2010,872.56,5.2,1,8,16,18,367,180,3427
강릉시,2010,1039.75,6.2,1,7,13,39,324,146,2653
동해시,2010,180.17,1.1,0,0,10,36,239,0,1302
태백시,2010,303.52,1.8,0,0,8,17,176,0,916
속초시,2010,105.36,0.6,0,0,8,13,213,0,1093
삼척시,2010,1186.11,7,2,6,4,27,106,160,1339
홍천군,2010,1819.16,10.8,1,9,0,0,0,196,1014
횡성군,2010,997.47,5.9,1,8,0,0,0,175,763
영월군,2010,1127.48,6.7,2,7,0,0,0,177,768
평창군,2010,1463.54,8.7,1,7,0,0,0,188,731
정선군,2010,1219.53,7.2,4,5,0,0,0,181,987
철원군,2010,898.16,5.3,4,2,0,0,0,112,644
화천군,2010,908.14,5.4,1,4,0,0,0,81,357
양구군,2010,701.28,4.2,1,4,0,0,0,77,322
인제군,2010,1645.55,9.8,1,5,0,0,0,84,411
고성군,2010,660.23,3.9,2,3,0,0,0,127,561
양양군,2010,629.23,3.7,1,5,0,0,0,124,436
춘천시,2011,1116.45,6.6,1,9,15,29,480,193,3569
원주시,2011,872.45,5.2,1,8,16,18,367,180,3427
강릉시,2011,1039.99,6.2,1,7,13,39,326,146,2653
동해시,2011,180.19,1.1,0,0,10,36,239,0,1302
태백시,2011,303.4,1.8,0,0,8,17,178,0,928
속초시,2011,105.42,0.6,0,0,8,13,213,0,1093
삼척시,2011,1186.48,7,2,6,4,27,106,160,1339
홍천군,2011,1819.47,10.8,1,9,0,0,0,196,1014
횡성군,2011,997.49,5.9,1,8,0,0,0,175,763
영월군,2011,1127.37,6.7,2,7,0,0,0,177,768
평창군,2011,1463.52,8.7,1,7,0,0,0,188,731
정선군,2011,1219.56,7.2,4,5,0,0,0,181,986
철원군,2011,889.6,5.3,4,2,0,0,0,112,644
화천군,2011,908.17,5.4,1,4,0,0,0,81,357
양구군,2011,701.53,4.2,1,4,0,0,0,77,322
인제군,2011,1645.51,9.8,1,5,0,0,0,84,411
고성군,2011,660.36,3.9,2,3,0,0,0,127,561
양양군,2011,629.43,3.7,1,5,0,0,0,124,436
춘천시,2012,1116.45,6.6,1,9,15,29,481,194,3581
원주시,2012,872.45,5.2,1,8,16,18,369,180,3454
강릉시,2012,1040.21,6.2,1,7,13,39,327,146,2659
동해시,2012,180.2,1.1,0,0,10,36,242,0,1318
태백시,2012,303.47,1.8,0,0,8,17,178,0,928
속초시,2012,105.58,0.6,0,0,8,13,214,0,1100
삼척시,2012,1186.56,7,2,6,4,27,106,160,1339
홍천군,2012,1819.67,10.8,1,9,0,0,0,196,1014
횡성군,2012,997.62,5.9,1,8,0,0,0,175,776
영월군,2012,1127.62,6.7,2,7,0,0,0,177,769
평창군,2012,1463.56,8.7,1,7,0,0,0,190,733
정선군,2012,1219.7,7.2,4,5,0,0,0,182,980
철원군,2012,889.6,5.3,4,2,0,0,0,112,644
화천군,2012,908.66,5.4,1,4,0,0,0,81,360
양구군,2012,702.24,4.2,1,4,0,0,0,79,329
인제군,2012,1645.56,9.8,1,5,0,0,0,84,411
고성군,2012,664.56,3.9,2,3,0,0,0,127,561
양양군,2012,629.86,3.7,1,5,0,0,0,124,436
춘천시,2013,1116.41,6.6,1,9,15,29,483,196,3614
원주시,2013,872.41,5.2,1,8,16,18,371,180,3459
강릉시,2013,1040.38,6.2,1,7,13,39,327,146,2658
동해시,2013,180.2,1.1,0,0,10,36,248,0,1356
태백시,2013,303.44,1.8,0,0,8,17,178,0,928
속초시,2013,105.63,0.6,0,0,8,13,214,0,1100
삼척시,2013,1186.64,7,2,6,4,27,106,160,1339
홍천군,2013,1819.67,10.8,1,9,0,0,0,196,1014
횡성군,2013,997.76,5.9,1,8,0,0,0,175,776
영월군,2013,1127.63,6.7,2,7,0,0,0,179,784
평창군,2013,1463.69,8.7,1,7,0,0,0,190,733
정선군,2013,1219.69,7.2,4,5,0,0,0,182,959
철원군,2013,889.43,5.3,4,2,0,0,0,113,648
화천군,2013,908.97,5.4,1,4,0,0,0,83,373
양구군,2013,702.28,4.2,1,4,0,0,0,83,329
인제군,2013,1645.15,9.7,1,5,0,0,0,84,411
고성군,2013,664.3,3.9,2,3,0,0,0,127,561
양양군,2013,629.86,3.7,1,5,0,0,0,124,438
춘천시,2014,1116.38,6.6,1,9,15,29,489,203,3712
원주시,2014,867.97,5.1,1,8,16,18,378,180,3544
강릉시,2014,1040.38,6.2,1,7,13,39,327,146,2658
동해시,2014,180.2,1.1,0,0,10,36,248,0,1356
태백시,2014,303.47,1.8,0,0,8,17,182,0,940
속초시,2014,105.7,0.6,0,0,8,13,214,0,1100
삼척시,2014,1186.53,7,2,6,4,27,106,160,1339
홍천군,2014,1819.77,10.8,1,9,0,0,0,196,1014
횡성군,2014,997.66,5.9,1,8,0,0,0,175,776
영월군,2014,1127.64,6.7,2,7,0,0,0,179,784
평창군,2014,1463.77,8.7,1,7,0,0,0,191,736
정선군,2014,1219.72,7.2,4,5,0,0,0,182,959
철원군,2014,889.43,5.3,4,2,0,0,0,113,648
화천군,2014,908.97,5.4,1,4,0,0,0,83,373
양구군,2014,706.62,4.2,1,4,0,0,0,83,329
인제군,2014,1645.15,9.7,1,5,0,0,0,84,411
고성군,2014,664.3,3.9,2,3,0,0,0,128,561
양양군,2014,629.86,3.7,1,5,0,0,0,124,438
춘천시,2015,1116.36,6.6,1,9,15,29,492,206,3759
원주시,2015,867.82,5.1,1,8,16,18,388,180,3673
강릉시,2015,1040.38,6.2,1,7,13,39,331,146,2679
동해시,2015,180.2,1.1,0,0,10,36,252,0,1377
태백시,2015,303.48,1.8,0,0,8,17,184,0,949
속초시,2015,105.72,0.6,0,0,8,13,214,0,1102
삼척시,2015,1187.09,7,2,6,4,27,109,160,1359
홍천군,2015,1819.83,10.8,1,9,0,0,0,196,1014
횡성군,2015,997.73,5.9,1,8,0,0,0,175,776
영월군,2015,1127.62,6.7,2,7,0,0,0,181,791
평창군,2015,1463.83,8.7,1,7,0,0,0,191,736
정선군,2015,1219.73,7.2,4,5,0,0,0,182,959
철원군,2015,889.46,5.3,4,2,0,0,0,113,648
화천군,2015,908.92,5.4,1,4,0,0,0,84,373
양구군,2015,706.62,4.2,1,4,0,0,0,83,346
인제군,2015,1645.17,9.8,1,5,0,0,0,84,411
고성군,2015,664.3,3.9,2,3,0,0,0,128,561
양양군,2015,630.08,3.7,1,5,0,0,0,124,438
춘천시,2016,1116.41,6.6,1,9,15,29,492,206,3759
원주시,2016,868.28,5.1,1,8,16,18,394,181,3739
강릉시,2016,1040.34,6.2,1,7,13,39,336,146,2722
동해시,2016,180.21,1.1,0,0,10,36,255,0,1387
태백시,2016,303.47,1.8,0,0,8,17,184,0,949
속초시,2016,105.72,0.6,0,0,8,13,216,0,1112
삼척시,2016,1187,7,2,6,4,27,109,160,1359
홍천군,2016,1820.14,10.8,1,9,0,0,0,196,1014
횡성군,2016,997.75,5.9,1,8,0,0,0,176,779
영월군,2016,1127.61,6.7,2,7,0,0,0,181,791
평창군,2016,1463.83,8.7,1,7,0,0,0,191,736
정선군,2016,1219.74,7.2,4,5,0,0,0,182,959
철원군,2016,889.46,5.3,4,2,0,0,0,114,660
화천군,2016,908.93,5.4,1,4,0,0,0,84,375
양구군,2016,706.57,4.2,1,4,0,0,0,83,346
인제군,2016,1645.2,9.7,1,5,0,0,0,84,411
고성군,2016,664.28,3.9,2,3,0,0,0,128,561
양양군,2016,630.09,3.7,1,5,0,0,0,124,438
춘천시,2017,1116.4,6.6,1,9,15,29,499,207,3777
원주시,2017,868.27,5.1,1,8,16,18,400,184,3810
강릉시,2017,1040.71,6.2,1,7,13,39,336,147,2730
동해시,2017,180.21,1.1,0,0,10,36,257,0,1397
태백시,2017,303.5,1.8,0,0,8,17,183,0,944
속초시,2017,105.74,0.6,0,0,8,13,221,0,1123
삼척시,2017,1186.96,7,2,6,4,27,112,161,1386
홍천군,2017,1820.28,10.8,1,9,0,0,0,198,1054
횡성군,2017,998.1,5.9,1,8,0,0,0,176,779
영월군,2017,1127.64,6.7,2,7,0,0,0,181,791
평창군,2017,1463.89,8.7,1,7,0,0,0,191,736
정선군,2017,1219.77,7.2,4,5,0,0,0,182,963
철원군,2017,889.47,5.3,4,2,0,0,0,114,657
화천군,2017,908.92,5.4,1,4,0,0,0,85,378
양구군,2017,705.87,4.2,1,4,0,0,0,83,346
인제군,2017,1645.18,9.7,1,5,0,0,0,85,410
고성군,2017,664.04,3.9,2,3,0,0,0,128,561
양양군,2017,630.1,3.7,1,5,0,0,0,124,439
춘천시,2018,1116.36,6.6,1,9,15,29,503,209,3821
원주시,2018,868.27,5.1,1,8,16,18,413,201,4066
강릉시,2018,1040.79,6.2,1,7,13,39,346,149,2794
동해시,2018,180.2,1.1,0,0,10,36,262,0,1428
태백시,2018,303.53,1.8,0,0,8,17,183,0,944
속초시,2018,105.76,0.6,0,0,8,13,225,0,1133
삼척시,2018,1187.16,7,2,6,4,27,114,161,1405
홍천군,2018,1820.18,10.8,1,9,0,0,0,198,1054
횡성군,2018,998.06,5.9,1,8,0,0,0,176,779
영월군,2018,1127.43,6.7,2,7,0,0,0,182,802
평창군,2018,1464.05,8.7,1,7,0,0,0,191,736
정선군,2018,1219.77,7.2,4,5,0,0,0,183,966
철원군,2018,889.47,5.3,4,7,0,0,0,114,657
화천군,2018,908.92,5.4,1,4,0,0,0,85,378
양구군,2018,706.55,4.2,1,4,0,0,0,84,349
인제군,2018,1645.18,9.7,1,5,0,0,0,85,410
고성군,2018,664.28,3.9,2,4,0,0,0,128,561
양양군,2018,630.09,3.7,1,5,0,0,0,124,440
